Artifacts,Fan-Out,LCOM2
C:\Users\Nikos\Documents\NetBeansProjects\examp\5.pastix\ex\pastix_release_3184\src\blend\src\assembly.h,1,0.0
C:\Users\Nikos\Documents\NetBeansProjects\examp\5.pastix\ex\pastix_release_3184\src\blend\src\assemblyGener.c,13,134.0
C:\Users\Nikos\Documents\NetBeansProjects\examp\5.pastix\ex\pastix_release_3184\src\blend\src\assemblyGener.h,0,0.0
C:\Users\Nikos\Documents\NetBeansProjects\examp\5.pastix\ex\pastix_release_3184\src\blend\src\blend.c,34,14542.0
C:\Users\Nikos\Documents\NetBeansProjects\examp\5.pastix\ex\pastix_release_3184\src\blend\src\blend.h,0,0.0
C:\Users\Nikos\Documents\NetBeansProjects\examp\5.pastix\ex\pastix_release_3184\src\blend\src\blendctrl.c,10,0.0
C:\Users\Nikos\Documents\NetBeansProjects\examp\5.pastix\ex\pastix_release_3184\src\blend\src\blendctrl.h,0,0.0
C:\Users\Nikos\Documents\NetBeansProjects\examp\5.pastix\ex\pastix_release_3184\src\blend\src\blend_symbol_cost.c,5,3.5
C:\Users\Nikos\Documents\NetBeansProjects\examp\5.pastix\ex\pastix_release_3184\src\blend\src\bulles.c,3,54.2
C:\Users\Nikos\Documents\NetBeansProjects\examp\5.pastix\ex\pastix_release_3184\src\blend\src\bulles.h,0,0.0
C:\Users\Nikos\Documents\NetBeansProjects\examp\5.pastix\ex\pastix_release_3184\src\blend\src\cand.h,0,0.0
C:\Users\Nikos\Documents\NetBeansProjects\examp\5.pastix\ex\pastix_release_3184\src\blend\src\cost.c,2,0.0
C:\Users\Nikos\Documents\NetBeansProjects\examp\5.pastix\ex\pastix_release_3184\src\blend\src\cost.h,0,0.0
C:\Users\Nikos\Documents\NetBeansProjects\examp\5.pastix\ex\pastix_release_3184\src\blend\src\costfunc.c,21,36.54545454545455
C:\Users\Nikos\Documents\NetBeansProjects\examp\5.pastix\ex\pastix_release_3184\src\blend\src\costfunc.h,0,0.0
C:\Users\Nikos\Documents\NetBeansProjects\examp\5.pastix\ex\pastix_release_3184\src\blend\src\csc.h,1,0.0
C:\Users\Nikos\Documents\NetBeansProjects\examp\5.pastix\ex\pastix_release_3184\src\blend\src\distribPart.c,20,3463.0
C:\Users\Nikos\Documents\NetBeansProjects\examp\5.pastix\ex\pastix_release_3184\src\blend\src\distribPart.h,0,0.0
C:\Users\Nikos\Documents\NetBeansProjects\examp\5.pastix\ex\pastix_release_3184\src\blend\src\elimin.c,2,6.4
C:\Users\Nikos\Documents\NetBeansProjects\examp\5.pastix\ex\pastix_release_3184\src\blend\src\elimin.h,0,0.0
C:\Users\Nikos\Documents\NetBeansProjects\examp\5.pastix\ex\pastix_release_3184\src\blend\src\eliminfunc.c,18,63.333333333333336
C:\Users\Nikos\Documents\NetBeansProjects\examp\5.pastix\ex\pastix_release_3184\src\blend\src\eliminfunc.h,0,0.0
C:\Users\Nikos\Documents\NetBeansProjects\examp\5.pastix\ex\pastix_release_3184\src\blend\src\extendVector.c,2,0.5
C:\Users\Nikos\Documents\NetBeansProjects\examp\5.pastix\ex\pastix_release_3184\src\blend\src\extendVector.h,0,0.0
C:\Users\Nikos\Documents\NetBeansProjects\examp\5.pastix\ex\pastix_release_3184\src\blend\src\extrastruct.c,4,12.0
C:\Users\Nikos\Documents\NetBeansProjects\examp\5.pastix\ex\pastix_release_3184\src\blend\src\extrastruct.h,0,0.0
C:\Users\Nikos\Documents\NetBeansProjects\examp\5.pastix\ex\pastix_release_3184\src\blend\src\fanboth2.c,9,36413.0
C:\Users\Nikos\Documents\NetBeansProjects\examp\5.pastix\ex\pastix_release_3184\src\blend\src\fanboth2.h,0,0.0
C:\Users\Nikos\Documents\NetBeansProjects\examp\5.pastix\ex\pastix_release_3184\src\blend\src\ftgt.h,1,0.0
C:\Users\Nikos\Documents\NetBeansProjects\examp\5.pastix\ex\pastix_release_3184\src\blend\src\param_blend.c,2,0.0
C:\Users\Nikos\Documents\NetBeansProjects\examp\5.pastix\ex\pastix_release_3184\src\blend\src\param_blend.h,0,0.0
C:\Users\Nikos\Documents\NetBeansProjects\examp\5.pastix\ex\pastix_release_3184\src\blend\src\partbuild.c,19,1244.0
C:\Users\Nikos\Documents\NetBeansProjects\examp\5.pastix\ex\pastix_release_3184\src\blend\src\partbuild.h,0,0.0
C:\Users\Nikos\Documents\NetBeansProjects\examp\5.pastix\ex\pastix_release_3184\src\blend\src\queue.c,2,34.09090909090909
C:\Users\Nikos\Documents\NetBeansProjects\examp\5.pastix\ex\pastix_release_3184\src\blend\src\queue.h,0,0.0
C:\Users\Nikos\Documents\NetBeansProjects\examp\5.pastix\ex\pastix_release_3184\src\blend\src\seb.c,7,50.0
C:\Users\Nikos\Documents\NetBeansProjects\examp\5.pastix\ex\pastix_release_3184\src\blend\src\seb.h,0,0.0
C:\Users\Nikos\Documents\NetBeansProjects\examp\5.pastix\ex\pastix_release_3184\src\blend\src\simu.c,7,165.0
C:\Users\Nikos\Documents\NetBeansProjects\examp\5.pastix\ex\pastix_release_3184\src\blend\src\simu.h,0,0.0
C:\Users\Nikos\Documents\NetBeansProjects\examp\5.pastix\ex\pastix_release_3184\src\blend\src\solver.h,4,0.0
C:\Users\Nikos\Documents\NetBeansProjects\examp\5.pastix\ex\pastix_release_3184\src\blend\src\solverMatrixGen.c,23,0.0
C:\Users\Nikos\Documents\NetBeansProjects\examp\5.pastix\ex\pastix_release_3184\src\blend\src\solverMatrixGen.h,0,0.0
C:\Users\Nikos\Documents\NetBeansProjects\examp\5.pastix\ex\pastix_release_3184\src\blend\src\solverRealloc.c,9,35.0
C:\Users\Nikos\Documents\NetBeansProjects\examp\5.pastix\ex\pastix_release_3184\src\blend\src\solverRealloc.h,0,0.0
C:\Users\Nikos\Documents\NetBeansProjects\examp\5.pastix\ex\pastix_release_3184\src\blend\src\solver_check.c,18,0.0
C:\Users\Nikos\Documents\NetBeansProjects\examp\5.pastix\ex\pastix_release_3184\src\blend\src\solver_check.h,0,0.0
C:\Users\Nikos\Documents\NetBeansProjects\examp\5.pastix\ex\pastix_release_3184\src\blend\src\solver_io.c,10,6515.0
C:\Users\Nikos\Documents\NetBeansProjects\examp\5.pastix\ex\pastix_release_3184\src\blend\src\solver_io.h,0,0.0
C:\Users\Nikos\Documents\NetBeansProjects\examp\5.pastix\ex\pastix_release_3184\src\blend\src\splitfunc.c,19,23.25
C:\Users\Nikos\Documents\NetBeansProjects\examp\5.pastix\ex\pastix_release_3184\src\blend\src\splitfunc.h,0,0.0
C:\Users\Nikos\Documents\NetBeansProjects\examp\5.pastix\ex\pastix_release_3184\src\blend\src\splitpart.c,21,595.4285714285714
C:\Users\Nikos\Documents\NetBeansProjects\examp\5.pastix\ex\pastix_release_3184\src\blend\src\splitpart.h,0,0.0
C:\Users\Nikos\Documents\NetBeansProjects\examp\5.pastix\ex\pastix_release_3184\src\blend\src\splitpartlocal.c,18,1688.2
C:\Users\Nikos\Documents\NetBeansProjects\examp\5.pastix\ex\pastix_release_3184\src\blend\src\splitpartlocal.h,0,0.0
C:\Users\Nikos\Documents\NetBeansProjects\examp\5.pastix\ex\pastix_release_3184\src\blend\src\symbolrand.c,3,175.5
C:\Users\Nikos\Documents\NetBeansProjects\examp\5.pastix\ex\pastix_release_3184\src\blend\src\symbolrand.h,0,0.0
C:\Users\Nikos\Documents\NetBeansProjects\examp\5.pastix\ex\pastix_release_3184\src\blend\src\symbol_cost.h,0,0.0
C:\Users\Nikos\Documents\NetBeansProjects\examp\5.pastix\ex\pastix_release_3184\src\blend\src\task.c,18,1783.0
C:\Users\Nikos\Documents\NetBeansProjects\examp\5.pastix\ex\pastix_release_3184\src\blend\src\task.h,1,0.0
C:\Users\Nikos\Documents\NetBeansProjects\examp\5.pastix\ex\pastix_release_3184\src\blend\src\updown.h,1,0.0
C:\Users\Nikos\Documents\NetBeansProjects\examp\5.pastix\ex\pastix_release_3184\src\blend\src\write_ps.c,19,286.1111111111111
C:\Users\Nikos\Documents\NetBeansProjects\examp\5.pastix\ex\pastix_release_3184\src\blend\src\write_ps.h,0,0.0
C:\Users\Nikos\Documents\NetBeansProjects\examp\5.pastix\ex\pastix_release_3184\src\common\src\api.h,0,0.0
C:\Users\Nikos\Documents\NetBeansProjects\examp\5.pastix\ex\pastix_release_3184\src\common\src\common.c,5,9.2
C:\Users\Nikos\Documents\NetBeansProjects\examp\5.pastix\ex\pastix_release_3184\src\common\src\common_error.c,1,0.0
C:\Users\Nikos\Documents\NetBeansProjects\examp\5.pastix\ex\pastix_release_3184\src\common\src\common_integer.c,6,0.0
C:\Users\Nikos\Documents\NetBeansProjects\examp\5.pastix\ex\pastix_release_3184\src\common\src\common_integer.h,0,0.0
C:\Users\Nikos\Documents\NetBeansProjects\examp\5.pastix\ex\pastix_release_3184\src\common\src\common_memory.c,2,0.0
C:\Users\Nikos\Documents\NetBeansProjects\examp\5.pastix\ex\pastix_release_3184\src\common\src\common_pastix.h,4,0.0
C:\Users\Nikos\Documents\NetBeansProjects\examp\5.pastix\ex\pastix_release_3184\src\common\src\common_sort.c,0,13.0
C:\Users\Nikos\Documents\NetBeansProjects\examp\5.pastix\ex\pastix_release_3184\src\common\src\common_sort2.c,0,79.0
C:\Users\Nikos\Documents\NetBeansProjects\examp\5.pastix\ex\pastix_release_3184\src\common\src\common_sort3.c,0,4.0
C:\Users\Nikos\Documents\NetBeansProjects\examp\5.pastix\ex\pastix_release_3184\src\common\src\debug.h,0,0.0
C:\Users\Nikos\Documents\NetBeansProjects\examp\5.pastix\ex\pastix_release_3184\src\common\src\errors.h,0,0.0
C:\Users\Nikos\Documents\NetBeansProjects\examp\5.pastix\ex\pastix_release_3184\src\common\src\nompi.h,0,0.0
C:\Users\Nikos\Documents\NetBeansProjects\examp\5.pastix\ex\pastix_release_3184\src\common\src\out.h,0,0.0
C:\Users\Nikos\Documents\NetBeansProjects\examp\5.pastix\ex\pastix_release_3184\src\common\src\pastix_fortran.h,0,0.0
C:\Users\Nikos\Documents\NetBeansProjects\examp\5.pastix\ex\pastix_release_3184\src\common\src\redefine_functions.h,0,0.0
C:\Users\Nikos\Documents\NetBeansProjects\examp\5.pastix\ex\pastix_release_3184\src\common\src\testqsort.c,2,988.0
C:\Users\Nikos\Documents\NetBeansProjects\examp\5.pastix\ex\pastix_release_3184\src\common\src\trace.c,2,0.0
C:\Users\Nikos\Documents\NetBeansProjects\examp\5.pastix\ex\pastix_release_3184\src\common\src\trace.h,0,0.0
C:\Users\Nikos\Documents\NetBeansProjects\examp\5.pastix\ex\pastix_release_3184\src\example\src\do_not_redispatch_rhs.c,4,1062.0
C:\Users\Nikos\Documents\NetBeansProjects\examp\5.pastix\ex\pastix_release_3184\src\example\src\fsimple.f90,1,0.0
C:\Users\Nikos\Documents\NetBeansProjects\examp\5.pastix\ex\pastix_release_3184\src\example\src\fstep-by-step.f90,1,0.0
C:\Users\Nikos\Documents\NetBeansProjects\examp\5.pastix\ex\pastix_release_3184\src\example\src\isolate_zeros.c,3,374.0
C:\Users\Nikos\Documents\NetBeansProjects\examp\5.pastix\ex\pastix_release_3184\src\example\src\multi-comm-step.c,3,2693.0
C:\Users\Nikos\Documents\NetBeansProjects\examp\5.pastix\ex\pastix_release_3184\src\example\src\multi-comm.c,3,659.0
C:\Users\Nikos\Documents\NetBeansProjects\examp\5.pastix\ex\pastix_release_3184\src\example\src\Murge-Fortran.f90,1,31.333333333333332
C:\Users\Nikos\Documents\NetBeansProjects\examp\5.pastix\ex\pastix_release_3184\src\example\src\reentrant.c,3,161.0
C:\Users\Nikos\Documents\NetBeansProjects\examp\5.pastix\ex\pastix_release_3184\src\example\src\reffinement.c,3,1252.0
C:\Users\Nikos\Documents\NetBeansProjects\examp\5.pastix\ex\pastix_release_3184\src\example\src\schur.c,3,2552.0
C:\Users\Nikos\Documents\NetBeansProjects\examp\5.pastix\ex\pastix_release_3184\src\example\src\schur2.c,3,4095.0
C:\Users\Nikos\Documents\NetBeansProjects\examp\5.pastix\ex\pastix_release_3184\src\example\src\simple.c,3,1261.0
C:\Users\Nikos\Documents\NetBeansProjects\examp\5.pastix\ex\pastix_release_3184\src\example\src\simple_dist.c,5,1709.0
C:\Users\Nikos\Documents\NetBeansProjects\examp\5.pastix\ex\pastix_release_3184\src\example\src\simple_param.c,3,1293.0
C:\Users\Nikos\Documents\NetBeansProjects\examp\5.pastix\ex\pastix_release_3184\src\example\src\step-by-step.c,3,1743.0
C:\Users\Nikos\Documents\NetBeansProjects\examp\5.pastix\ex\pastix_release_3184\src\example\src\step-by-step_dist.c,4,2394.0
C:\Users\Nikos\Documents\NetBeansProjects\examp\5.pastix\ex\pastix_release_3184\src\example\src\utils.f90,0,226.5
C:\Users\Nikos\Documents\NetBeansProjects\examp\5.pastix\ex\pastix_release_3184\src\example\src\utils.h,0,0.0
C:\Users\Nikos\Documents\NetBeansProjects\examp\5.pastix\ex\pastix_release_3184\src\fax\src\fax.h,0,0.0
C:\Users\Nikos\Documents\NetBeansProjects\examp\5.pastix\ex\pastix_release_3184\src\fax\src\symbol_compact.c,4,0.0
C:\Users\Nikos\Documents\NetBeansProjects\examp\5.pastix\ex\pastix_release_3184\src\fax\src\symbol_costi.c,4,0.0
C:\Users\Nikos\Documents\NetBeansProjects\examp\5.pastix\ex\pastix_release_3184\src\fax\src\symbol_costi.h,4,0.0
C:\Users\Nikos\Documents\NetBeansProjects\examp\5.pastix\ex\pastix_release_3184\src\fax\src\symbol_fax.c,5,6.0
C:\Users\Nikos\Documents\NetBeansProjects\examp\5.pastix\ex\pastix_release_3184\src\fax\src\symbol_fax.h,0,0.0
C:\Users\Nikos\Documents\NetBeansProjects\examp\5.pastix\ex\pastix_release_3184\src\fax\src\symbol_faxi.c,5,1052.0
C:\Users\Nikos\Documents\NetBeansProjects\examp\5.pastix\ex\pastix_release_3184\src\fax\src\symbol_faxi.h,5,0.0
C:\Users\Nikos\Documents\NetBeansProjects\examp\5.pastix\ex\pastix_release_3184\src\fax\src\symbol_faxi_graph.c,8,0.0
C:\Users\Nikos\Documents\NetBeansProjects\examp\5.pastix\ex\pastix_release_3184\src\fax\src\symbol_fax_graph.c,9,0.0
C:\Users\Nikos\Documents\NetBeansProjects\examp\5.pastix\ex\pastix_release_3184\src\kass\src\amalgamate.c,6,11154.0
C:\Users\Nikos\Documents\NetBeansProjects\examp\5.pastix\ex\pastix_release_3184\src\kass\src\amalgamate.h,0,0.0
C:\Users\Nikos\Documents\NetBeansProjects\examp\5.pastix\ex\pastix_release_3184\src\kass\src\compact_graph.c,3,0.0
C:\Users\Nikos\Documents\NetBeansProjects\examp\5.pastix\ex\pastix_release_3184\src\kass\src\compact_graph.h,0,0.0
C:\Users\Nikos\Documents\NetBeansProjects\examp\5.pastix\ex\pastix_release_3184\src\kass\src\find_supernodes.c,2,122.0
C:\Users\Nikos\Documents\NetBeansProjects\examp\5.pastix\ex\pastix_release_3184\src\kass\src\find_supernodes.h,0,0.0
C:\Users\Nikos\Documents\NetBeansProjects\examp\5.pastix\ex\pastix_release_3184\src\kass\src\ifax.c,6,505.0
C:\Users\Nikos\Documents\NetBeansProjects\examp\5.pastix\ex\pastix_release_3184\src\kass\src\ifax.h,0,0.0
C:\Users\Nikos\Documents\NetBeansProjects\examp\5.pastix\ex\pastix_release_3184\src\kass\src\isymb_compact.c,22,0.0
C:\Users\Nikos\Documents\NetBeansProjects\examp\5.pastix\ex\pastix_release_3184\src\kass\src\isymb_compact.h,0,0.0
C:\Users\Nikos\Documents\NetBeansProjects\examp\5.pastix\ex\pastix_release_3184\src\kass\src\kass.c,15,981.5
C:\Users\Nikos\Documents\NetBeansProjects\examp\5.pastix\ex\pastix_release_3184\src\kass\src\kass.h,0,0.0
C:\Users\Nikos\Documents\NetBeansProjects\examp\5.pastix\ex\pastix_release_3184\src\kass\src\KSupernodes.c,4,361.5
C:\Users\Nikos\Documents\NetBeansProjects\examp\5.pastix\ex\pastix_release_3184\src\kass\src\KSupernodes.h,0,0.0
C:\Users\Nikos\Documents\NetBeansProjects\examp\5.pastix\ex\pastix_release_3184\src\kass\src\KSupernodes2.c,5,226.33333333333334
C:\Users\Nikos\Documents\NetBeansProjects\examp\5.pastix\ex\pastix_release_3184\src\kass\src\paskix.h,0,0.0
C:\Users\Nikos\Documents\NetBeansProjects\examp\5.pastix\ex\pastix_release_3184\src\kass\src\SF_Direct.c,3,200.0
C:\Users\Nikos\Documents\NetBeansProjects\examp\5.pastix\ex\pastix_release_3184\src\kass\src\SF_Direct.h,0,0.0
C:\Users\Nikos\Documents\NetBeansProjects\examp\5.pastix\ex\pastix_release_3184\src\kass\src\SF_level.c,3,96.0
C:\Users\Nikos\Documents\NetBeansProjects\examp\5.pastix\ex\pastix_release_3184\src\kass\src\SF_level.h,0,0.0
C:\Users\Nikos\Documents\NetBeansProjects\examp\5.pastix\ex\pastix_release_3184\src\kass\src\sort_row.c,3,0.0
C:\Users\Nikos\Documents\NetBeansProjects\examp\5.pastix\ex\pastix_release_3184\src\kass\src\sort_row.h,0,0.0
C:\Users\Nikos\Documents\NetBeansProjects\examp\5.pastix\ex\pastix_release_3184\src\kass\src\sparRow.c,2,0.0
C:\Users\Nikos\Documents\NetBeansProjects\examp\5.pastix\ex\pastix_release_3184\src\kass\src\sparRow.h,0,0.0
C:\Users\Nikos\Documents\NetBeansProjects\examp\5.pastix\ex\pastix_release_3184\src\matrix_drivers\src\cccread.c,4,170.0
C:\Users\Nikos\Documents\NetBeansProjects\examp\5.pastix\ex\pastix_release_3184\src\matrix_drivers\src\cccread.h,0,0.0
C:\Users\Nikos\Documents\NetBeansProjects\examp\5.pastix\ex\pastix_release_3184\src\matrix_drivers\src\chbread.c,4,4820.5
C:\Users\Nikos\Documents\NetBeansProjects\examp\5.pastix\ex\pastix_release_3184\src\matrix_drivers\src\chbread.h,0,0.0
C:\Users\Nikos\Documents\NetBeansProjects\examp\5.pastix\ex\pastix_release_3184\src\matrix_drivers\src\common_drivers.c,3,0.0
C:\Users\Nikos\Documents\NetBeansProjects\examp\5.pastix\ex\pastix_release_3184\src\matrix_drivers\src\common_drivers.h,0,0.0
C:\Users\Nikos\Documents\NetBeansProjects\examp\5.pastix\ex\pastix_release_3184\src\matrix_drivers\src\cscdread.c,4,10670.0
C:\Users\Nikos\Documents\NetBeansProjects\examp\5.pastix\ex\pastix_release_3184\src\matrix_drivers\src\cscdread.h,0,0.0
C:\Users\Nikos\Documents\NetBeansProjects\examp\5.pastix\ex\pastix_release_3184\src\matrix_drivers\src\csparse.c,0,0.0
C:\Users\Nikos\Documents\NetBeansProjects\examp\5.pastix\ex\pastix_release_3184\src\matrix_drivers\src\csparse.h,0,0.0
C:\Users\Nikos\Documents\NetBeansProjects\examp\5.pastix\ex\pastix_release_3184\src\matrix_drivers\src\fdupread.c,4,1985.5
C:\Users\Nikos\Documents\NetBeansProjects\examp\5.pastix\ex\pastix_release_3184\src\matrix_drivers\src\fdupread.h,0,0.0
C:\Users\Nikos\Documents\NetBeansProjects\examp\5.pastix\ex\pastix_release_3184\src\matrix_drivers\src\get_options.c,5,3794.6666666666665
C:\Users\Nikos\Documents\NetBeansProjects\examp\5.pastix\ex\pastix_release_3184\src\matrix_drivers\src\get_options.h,0,0.0
C:\Users\Nikos\Documents\NetBeansProjects\examp\5.pastix\ex\pastix_release_3184\src\matrix_drivers\src\hbread.c,5,0.0
C:\Users\Nikos\Documents\NetBeansProjects\examp\5.pastix\ex\pastix_release_3184\src\matrix_drivers\src\hbread.h,0,0.0
C:\Users\Nikos\Documents\NetBeansProjects\examp\5.pastix\ex\pastix_release_3184\src\matrix_drivers\src\iohb.c,1,0.0
C:\Users\Nikos\Documents\NetBeansProjects\examp\5.pastix\ex\pastix_release_3184\src\matrix_drivers\src\iohb.h,0,0.0
C:\Users\Nikos\Documents\NetBeansProjects\examp\5.pastix\ex\pastix_release_3184\src\matrix_drivers\src\laplacian.c,4,0.0
C:\Users\Nikos\Documents\NetBeansProjects\examp\5.pastix\ex\pastix_release_3184\src\matrix_drivers\src\laplacian.h,0,0.0
C:\Users\Nikos\Documents\NetBeansProjects\examp\5.pastix\ex\pastix_release_3184\src\matrix_drivers\src\mmio.c,1,26.0
C:\Users\Nikos\Documents\NetBeansProjects\examp\5.pastix\ex\pastix_release_3184\src\matrix_drivers\src\mmio.h,0,0.0
C:\Users\Nikos\Documents\NetBeansProjects\examp\5.pastix\ex\pastix_release_3184\src\matrix_drivers\src\mmread.c,5,1062.0
C:\Users\Nikos\Documents\NetBeansProjects\examp\5.pastix\ex\pastix_release_3184\src\matrix_drivers\src\mmread.h,0,0.0
C:\Users\Nikos\Documents\NetBeansProjects\examp\5.pastix\ex\pastix_release_3184\src\matrix_drivers\src\mtx.c,5,0.5
C:\Users\Nikos\Documents\NetBeansProjects\examp\5.pastix\ex\pastix_release_3184\src\matrix_drivers\src\mtx.h,1,0.0
C:\Users\Nikos\Documents\NetBeansProjects\examp\5.pastix\ex\pastix_release_3184\src\matrix_drivers\src\olafread.c,4,131.0
C:\Users\Nikos\Documents\NetBeansProjects\examp\5.pastix\ex\pastix_release_3184\src\matrix_drivers\src\olafread.h,0,0.0
C:\Users\Nikos\Documents\NetBeansProjects\examp\5.pastix\ex\pastix_release_3184\src\matrix_drivers\src\peerread.c,4,8692.0
C:\Users\Nikos\Documents\NetBeansProjects\examp\5.pastix\ex\pastix_release_3184\src\matrix_drivers\src\peerread.h,0,0.0
C:\Users\Nikos\Documents\NetBeansProjects\examp\5.pastix\ex\pastix_release_3184\src\matrix_drivers\src\read_matrix.c,17,3672.5
C:\Users\Nikos\Documents\NetBeansProjects\examp\5.pastix\ex\pastix_release_3184\src\matrix_drivers\src\read_matrix.h,0,0.0
C:\Users\Nikos\Documents\NetBeansProjects\examp\5.pastix\ex\pastix_release_3184\src\matrix_drivers\src\rsaread.c,4,189.5
C:\Users\Nikos\Documents\NetBeansProjects\examp\5.pastix\ex\pastix_release_3184\src\matrix_drivers\src\rsaread.h,0,0.0
C:\Users\Nikos\Documents\NetBeansProjects\examp\5.pastix\ex\pastix_release_3184\src\matrix_drivers\src\skitf.f,0,284.4318181818182
C:\Users\Nikos\Documents\NetBeansProjects\examp\5.pastix\ex\pastix_release_3184\src\matrix_drivers\src\sparsekit.f90,0,284.625
C:\Users\Nikos\Documents\NetBeansProjects\examp\5.pastix\ex\pastix_release_3184\src\matrix_drivers\src\threefilesread.c,4,359.5
C:\Users\Nikos\Documents\NetBeansProjects\examp\5.pastix\ex\pastix_release_3184\src\matrix_drivers\src\threefilesread.h,0,0.0
C:\Users\Nikos\Documents\NetBeansProjects\examp\5.pastix\ex\pastix_release_3184\src\murge\examples\src\mmio.c,1,26.0
C:\Users\Nikos\Documents\NetBeansProjects\examp\5.pastix\ex\pastix_release_3184\src\murge\examples\src\mmio.h,0,0.0
C:\Users\Nikos\Documents\NetBeansProjects\examp\5.pastix\ex\pastix_release_3184\src\murge\examples\src\multi-matrix-and-rhs.c,1,280.0
C:\Users\Nikos\Documents\NetBeansProjects\examp\5.pastix\ex\pastix_release_3184\src\murge\examples\src\murge-dist.c,1,26.0
C:\Users\Nikos\Documents\NetBeansProjects\examp\5.pastix\ex\pastix_release_3184\src\murge\examples\src\murge-global.c,1,175.0
C:\Users\Nikos\Documents\NetBeansProjects\examp\5.pastix\ex\pastix_release_3184\src\murge\examples\src\murge-mm.c,2,1163.0
C:\Users\Nikos\Documents\NetBeansProjects\examp\5.pastix\ex\pastix_release_3184\src\murge\examples\src\murge-save-load.c,1,132.0
C:\Users\Nikos\Documents\NetBeansProjects\examp\5.pastix\ex\pastix_release_3184\src\murge\include\murge.h,0,0.0
C:\Users\Nikos\Documents\NetBeansProjects\examp\5.pastix\ex\pastix_release_3184\src\order\src\ocv.c,3,965.0
C:\Users\Nikos\Documents\NetBeansProjects\examp\5.pastix\ex\pastix_release_3184\src\order\src\ocv.h,0,0.0
C:\Users\Nikos\Documents\NetBeansProjects\examp\5.pastix\ex\pastix_release_3184\src\order\src\order.c,2,0.0
C:\Users\Nikos\Documents\NetBeansProjects\examp\5.pastix\ex\pastix_release_3184\src\order\src\order.h,0,0.0
C:\Users\Nikos\Documents\NetBeansProjects\examp\5.pastix\ex\pastix_release_3184\src\order\src\order_base.c,2,0.0
C:\Users\Nikos\Documents\NetBeansProjects\examp\5.pastix\ex\pastix_release_3184\src\order\src\order_check.c,2,0.0
C:\Users\Nikos\Documents\NetBeansProjects\examp\5.pastix\ex\pastix_release_3184\src\order\src\order_io.c,2,55.0
C:\Users\Nikos\Documents\NetBeansProjects\examp\5.pastix\ex\pastix_release_3184\src\parafax\src\cscd.c,5,303.0
C:\Users\Nikos\Documents\NetBeansProjects\examp\5.pastix\ex\pastix_release_3184\src\parafax\src\cscd.h,0,0.0
C:\Users\Nikos\Documents\NetBeansProjects\examp\5.pastix\ex\pastix_release_3184\src\parafax\src\parafax.c,5,79.11111111111111
C:\Users\Nikos\Documents\NetBeansProjects\examp\5.pastix\ex\pastix_release_3184\src\parafax\src\parafax.h,0,0.0
C:\Users\Nikos\Documents\NetBeansProjects\examp\5.pastix\ex\pastix_release_3184\src\perf\src\param_comm.h,0,0.0
C:\Users\Nikos\Documents\NetBeansProjects\examp\5.pastix\ex\pastix_release_3184\src\perf\src\perf.h,0,0.0
C:\Users\Nikos\Documents\NetBeansProjects\examp\5.pastix\ex\pastix_release_3184\src\sopalin\src\bordi.c,9,0.0
C:\Users\Nikos\Documents\NetBeansProjects\examp\5.pastix\ex\pastix_release_3184\src\sopalin\src\bordi.h,0,0.0
C:\Users\Nikos\Documents\NetBeansProjects\examp\5.pastix\ex\pastix_release_3184\src\sopalin\src\coefinit.c,22,2470.0
C:\Users\Nikos\Documents\NetBeansProjects\examp\5.pastix\ex\pastix_release_3184\src\sopalin\src\coefinit.h,0,0.0
C:\Users\Nikos\Documents\NetBeansProjects\examp\5.pastix\ex\pastix_release_3184\src\sopalin\src\compute_diag.c,0,9.5
C:\Users\Nikos\Documents\NetBeansProjects\examp\5.pastix\ex\pastix_release_3184\src\sopalin\src\compute_trsm.c,0,119.0
C:\Users\Nikos\Documents\NetBeansProjects\examp\5.pastix\ex\pastix_release_3184\src\sopalin\src\contrib.c,0,0.0
C:\Users\Nikos\Documents\NetBeansProjects\examp\5.pastix\ex\pastix_release_3184\src\sopalin\src\cscd_test.c,4,3640.0
C:\Users\Nikos\Documents\NetBeansProjects\examp\5.pastix\ex\pastix_release_3184\src\sopalin\src\cscd_utils.c,5,2027.888888888889
C:\Users\Nikos\Documents\NetBeansProjects\examp\5.pastix\ex\pastix_release_3184\src\sopalin\src\cscd_utils.h,0,0.0
C:\Users\Nikos\Documents\NetBeansProjects\examp\5.pastix\ex\pastix_release_3184\src\sopalin\src\cscd_utils_fortran.c,3,65.0
C:\Users\Nikos\Documents\NetBeansProjects\examp\5.pastix\ex\pastix_release_3184\src\sopalin\src\cscd_utils_intern.h,0,0.0
C:\Users\Nikos\Documents\NetBeansProjects\examp\5.pastix\ex\pastix_release_3184\src\sopalin\src\csc_intern_build.c,8,7290.333333333333
C:\Users\Nikos\Documents\NetBeansProjects\examp\5.pastix\ex\pastix_release_3184\src\sopalin\src\csc_intern_build.h,0,0.0
C:\Users\Nikos\Documents\NetBeansProjects\examp\5.pastix\ex\pastix_release_3184\src\sopalin\src\csc_intern_compute.c,21,399.3333333333333
C:\Users\Nikos\Documents\NetBeansProjects\examp\5.pastix\ex\pastix_release_3184\src\sopalin\src\csc_intern_compute.h,0,0.0
C:\Users\Nikos\Documents\NetBeansProjects\examp\5.pastix\ex\pastix_release_3184\src\sopalin\src\csc_intern_io.c,4,113.6
C:\Users\Nikos\Documents\NetBeansProjects\examp\5.pastix\ex\pastix_release_3184\src\sopalin\src\csc_intern_io.h,0,0.0
C:\Users\Nikos\Documents\NetBeansProjects\examp\5.pastix\ex\pastix_release_3184\src\sopalin\src\csc_intern_old.c,0,14490.0
C:\Users\Nikos\Documents\NetBeansProjects\examp\5.pastix\ex\pastix_release_3184\src\sopalin\src\csc_intern_old.h,0,0.0
C:\Users\Nikos\Documents\NetBeansProjects\examp\5.pastix\ex\pastix_release_3184\src\sopalin\src\csc_intern_solve.c,10,197.5
C:\Users\Nikos\Documents\NetBeansProjects\examp\5.pastix\ex\pastix_release_3184\src\sopalin\src\csc_intern_solve.h,0,0.0
C:\Users\Nikos\Documents\NetBeansProjects\examp\5.pastix\ex\pastix_release_3184\src\sopalin\src\csc_intern_updown.c,8,268.8333333333333
C:\Users\Nikos\Documents\NetBeansProjects\examp\5.pastix\ex\pastix_release_3184\src\sopalin\src\csc_intern_updown.h,0,0.0
C:\Users\Nikos\Documents\NetBeansProjects\examp\5.pastix\ex\pastix_release_3184\src\sopalin\src\csc_utils.c,4,321.0
C:\Users\Nikos\Documents\NetBeansProjects\examp\5.pastix\ex\pastix_release_3184\src\sopalin\src\csc_utils.h,0,0.0
C:\Users\Nikos\Documents\NetBeansProjects\examp\5.pastix\ex\pastix_release_3184\src\sopalin\src\debug_dump.c,10,413.57142857142856
C:\Users\Nikos\Documents\NetBeansProjects\examp\5.pastix\ex\pastix_release_3184\src\sopalin\src\debug_dump.h,0,0.0
C:\Users\Nikos\Documents\NetBeansProjects\examp\5.pastix\ex\pastix_release_3184\src\sopalin\src\murge.c,29,503.05555555555554
C:\Users\Nikos\Documents\NetBeansProjects\examp\5.pastix\ex\pastix_release_3184\src\sopalin\src\murge_defines.h,0,0.0
C:\Users\Nikos\Documents\NetBeansProjects\examp\5.pastix\ex\pastix_release_3184\src\sopalin\src\murge_pastix.h,0,0.0
C:\Users\Nikos\Documents\NetBeansProjects\examp\5.pastix\ex\pastix_release_3184\src\sopalin\src\murge_pastix_fortran.c,1,0.0
C:\Users\Nikos\Documents\NetBeansProjects\examp\5.pastix\ex\pastix_release_3184\src\sopalin\src\ooc.c,16,0.0
C:\Users\Nikos\Documents\NetBeansProjects\examp\5.pastix\ex\pastix_release_3184\src\sopalin\src\ooc.h,0,0.0
C:\Users\Nikos\Documents\NetBeansProjects\examp\5.pastix\ex\pastix_release_3184\src\sopalin\src\pastix.c,38,266.0
C:\Users\Nikos\Documents\NetBeansProjects\examp\5.pastix\ex\pastix_release_3184\src\sopalin\src\pastix.h,0,0.0
C:\Users\Nikos\Documents\NetBeansProjects\examp\5.pastix\ex\pastix_release_3184\src\sopalin\src\pastixstr.h,0,0.0
C:\Users\Nikos\Documents\NetBeansProjects\examp\5.pastix\ex\pastix_release_3184\src\sopalin\src\pastix_fortran.c,4,4.0
C:\Users\Nikos\Documents\NetBeansProjects\examp\5.pastix\ex\pastix_release_3184\src\sopalin\src\raff.c,1,0.0
C:\Users\Nikos\Documents\NetBeansProjects\examp\5.pastix\ex\pastix_release_3184\src\sopalin\src\sopalin3d.c,33,5437.0
C:\Users\Nikos\Documents\NetBeansProjects\examp\5.pastix\ex\pastix_release_3184\src\sopalin\src\sopalin3d.h,0,0.0
C:\Users\Nikos\Documents\NetBeansProjects\examp\5.pastix\ex\pastix_release_3184\src\sopalin\src\sopalin_acces.h,0,0.0
C:\Users\Nikos\Documents\NetBeansProjects\examp\5.pastix\ex\pastix_release_3184\src\sopalin\src\sopalin_compute.c,2,0.0
C:\Users\Nikos\Documents\NetBeansProjects\examp\5.pastix\ex\pastix_release_3184\src\sopalin\src\sopalin_compute.h,0,0.0
C:\Users\Nikos\Documents\NetBeansProjects\examp\5.pastix\ex\pastix_release_3184\src\sopalin\src\sopalin_compute_compaq.h,0,0.0
C:\Users\Nikos\Documents\NetBeansProjects\examp\5.pastix\ex\pastix_release_3184\src\sopalin\src\sopalin_compute_linux.h,0,0.0
C:\Users\Nikos\Documents\NetBeansProjects\examp\5.pastix\ex\pastix_release_3184\src\sopalin\src\sopalin_debug.h,0,0.0
C:\Users\Nikos\Documents\NetBeansProjects\examp\5.pastix\ex\pastix_release_3184\src\sopalin\src\sopalin_define.h,0,0.0
C:\Users\Nikos\Documents\NetBeansProjects\examp\5.pastix\ex\pastix_release_3184\src\sopalin\src\sopalin_init.c,20,5383.0
C:\Users\Nikos\Documents\NetBeansProjects\examp\5.pastix\ex\pastix_release_3184\src\sopalin\src\sopalin_init.h,0,0.0
C:\Users\Nikos\Documents\NetBeansProjects\examp\5.pastix\ex\pastix_release_3184\src\sopalin\src\sopalin_option.c,4,10.0
C:\Users\Nikos\Documents\NetBeansProjects\examp\5.pastix\ex\pastix_release_3184\src\sopalin\src\sopalin_option.h,0,0.0
C:\Users\Nikos\Documents\NetBeansProjects\examp\5.pastix\ex\pastix_release_3184\src\sopalin\src\sopalin_picl.h,0,0.0
C:\Users\Nikos\Documents\NetBeansProjects\examp\5.pastix\ex\pastix_release_3184\src\sopalin\src\sopalin_sendrecv.c,0,3476.0
C:\Users\Nikos\Documents\NetBeansProjects\examp\5.pastix\ex\pastix_release_3184\src\sopalin\src\sopalin_thread.c,4,2669.0
C:\Users\Nikos\Documents\NetBeansProjects\examp\5.pastix\ex\pastix_release_3184\src\sopalin\src\sopalin_thread.h,0,0.0
C:\Users\Nikos\Documents\NetBeansProjects\examp\5.pastix\ex\pastix_release_3184\src\sopalin\src\sopalin_time.h,0,0.0
C:\Users\Nikos\Documents\NetBeansProjects\examp\5.pastix\ex\pastix_release_3184\src\sopalin\src\stack.h,0,0.0
C:\Users\Nikos\Documents\NetBeansProjects\examp\5.pastix\ex\pastix_release_3184\src\sopalin\src\tools.c,6,2.3333333333333335
C:\Users\Nikos\Documents\NetBeansProjects\examp\5.pastix\ex\pastix_release_3184\src\sopalin\src\tools.h,0,0.0
C:\Users\Nikos\Documents\NetBeansProjects\examp\5.pastix\ex\pastix_release_3184\src\sopalin\src\updo.c,3,42287.0
C:\Users\Nikos\Documents\NetBeansProjects\examp\5.pastix\ex\pastix_release_3184\src\sopalin\src\updo_sendrecv.c,0,0.0
C:\Users\Nikos\Documents\NetBeansProjects\examp\5.pastix\ex\pastix_release_3184\src\sopalin\src\updo_sendrecv.h,0,0.0
C:\Users\Nikos\Documents\NetBeansProjects\examp\5.pastix\ex\pastix_release_3184\src\symbol\src\dof.c,4,0.0
C:\Users\Nikos\Documents\NetBeansProjects\examp\5.pastix\ex\pastix_release_3184\src\symbol\src\dof.h,0,0.0
C:\Users\Nikos\Documents\NetBeansProjects\examp\5.pastix\ex\pastix_release_3184\src\symbol\src\dof_io.c,2,0.0
C:\Users\Nikos\Documents\NetBeansProjects\examp\5.pastix\ex\pastix_release_3184\src\symbol\src\symbol.c,2,0.0
C:\Users\Nikos\Documents\NetBeansProjects\examp\5.pastix\ex\pastix_release_3184\src\symbol\src\symbol.h,0,0.0
C:\Users\Nikos\Documents\NetBeansProjects\examp\5.pastix\ex\pastix_release_3184\src\symbol\src\symbol2eps.c,3,183.0
C:\Users\Nikos\Documents\NetBeansProjects\examp\5.pastix\ex\pastix_release_3184\src\symbol\src\symboltops.c,2,0.0
C:\Users\Nikos\Documents\NetBeansProjects\examp\5.pastix\ex\pastix_release_3184\src\symbol\src\symbol_base.c,2,0.0
C:\Users\Nikos\Documents\NetBeansProjects\examp\5.pastix\ex\pastix_release_3184\src\symbol\src\symbol_check.c,2,0.0
C:\Users\Nikos\Documents\NetBeansProjects\examp\5.pastix\ex\pastix_release_3184\src\symbol\src\symbol_cost.c,4,0.0
C:\Users\Nikos\Documents\NetBeansProjects\examp\5.pastix\ex\pastix_release_3184\src\symbol\src\symbol_cost.h,3,0.0
C:\Users\Nikos\Documents\NetBeansProjects\examp\5.pastix\ex\pastix_release_3184\src\symbol\src\symbol_draw.c,3,60.0
C:\Users\Nikos\Documents\NetBeansProjects\examp\5.pastix\ex\pastix_release_3184\src\symbol\src\symbol_draw.h,2,0.0
C:\Users\Nikos\Documents\NetBeansProjects\examp\5.pastix\ex\pastix_release_3184\src\symbol\src\symbol_io.c,2,10.0
C:\Users\Nikos\Documents\NetBeansProjects\examp\5.pastix\ex\pastix_release_3184\src\symbol\src\symbol_keep.c,2,205.4
C:\Users\Nikos\Documents\NetBeansProjects\examp\5.pastix\ex\pastix_release_3184\src\symbol\src\symbol_level.c,4,0.0
C:\Users\Nikos\Documents\NetBeansProjects\examp\5.pastix\ex\pastix_release_3184\src\symbol\src\symbol_levf.c,2,0.0
C:\Users\Nikos\Documents\NetBeansProjects\examp\5.pastix\ex\pastix_release_3184\src\symbol\src\symbol_nonzeros.c,2,0.0
C:\Users\Nikos\Documents\NetBeansProjects\examp\5.pastix\ex\pastix_release_3184\src\symbol\src\symbol_tree.c,3,0.0
C:\Users\Nikos\Documents\NetBeansProjects\examp\5.pastix\ex\pastix_release_3184\src\utils\src\genheader.c,1,796.0
C:\Users\Nikos\Documents\NetBeansProjects\examp\5.pastix\ex\pastix_release_3184\src\utils\src\print_options.c,2,0.0
